time,single
44,339
44,343
44,342
44,337
44,341
44,340
44,336
44,337
44,339
46,337
46,338
46,337
46,337
46,337
46,337
46,340
46,336
46,337
46,336
46,335
46,336
47,336
47,337
47,336
47,336
47,336
47,336
47,336
47,334
47,336
1542,337
1542,337
1542,336
1543,335
1543,336
1543,334
1543,336
1543,337
1543,336
1543,331
1543,326
1543,335
1543,332
1543,329
1543,325
1543,331
1543,331
1543,333
1543,331
1543,327
1543,331
1543,330
1543,330
1543,325
1543,325
1543,329
1543,333
1543,330
1544,326
1544,325
1544,323
1544,320
1544,319
1544,319
1544,317
1544,317
1544,318
1544,317
1544,311
1544,312
1544,308
1544,313
1544,315
1544,315
1544,317
1544,316
1544,314
1545,313
1545,313
1545,311
1545,309
1545,307
1545,306
1545,306
1545,305
1545,304
1545,305
1545,304
1545,305
1545,308
1545,311
1545,310
1545,311
1545,315
1545,317
1545,312
1545,315
1545,315
1545,315
1545,314
1545,314
1545,314
1546,322
1546,341
1546,346
1546,354
1546,366
1546,369
1546,370
1546,368
1546,368
1546,361
1546,358
1546,357
1546,351
1546,349
1546,342
1546,346
1546,349
1546,347
1546,343
1546,341
1546,341
1546,345
1546,339
1547,339
1547,343
1547,339
1547,336
1547,336
1547,333
1547,336
1547,336
1547,343
1547,369
1547,393
1547,390
1548,388
1548,401
1548,400
1548,414
1548,430
1548,432
1548,491
1548,578
1548,593
1548,640
1548,685
1548,782
1548,794
1548,848
1548,854
1548,842
1548,849
1548,831
1549,835
1549,848
1549,860
1549,919
1549,907
1549,929
1549,940
1549,902
1549,877
1549,882
1549,871
1549,846
1549,866
1549,910
1549,979
1549,1022
1549,1049
1549,1081
1549,1023
1549,965
1549,953
1549,910
1549,891
1550,880
1550,950
1550,912
1550,879
1550,881
1550,869
1550,919
1550,926
1550,932
1550,922
1550,929
1550,921
1550,912
1550,891
1550,885
1550,856
1550,846
1550,849
1550,868
1550,880
1550,875
1550,902
1550,944
1551,935
1551,935
1551,1012
1551,1045
1551,1111
1551,1089
1551,1102
1551,1081
1551,1047
1551,1023
1551,997
1551,1008
1551,976
1551,947
1551,1003
1551,963
1551,971
1551,1019
1551,1009
1551,1068
1551,1047
1551,1045
1551,1075
1552,1087
1552,1141
1552,1161
1552,1136
1552,1177
1552,1176
1552,1209
1552,1174
1552,1202
1552,1201
1552,1173
1552,1196
1552,1149
1552,1117
1552,1116
1552,1071
1552,1053
1552,1009
1552,1035
1552,1023
1552,1008
1552,1020
1552,1043
1552,1075
1552,1023
1553,979
1553,963
1553,1008
1553,1015
1553,1015
1553,1001
1553,978
1553,953
1553,913
1553,966
1553,943
1553,909
1553,874
1553,915
1553,925
1553,885
1553,865
1553,830
1553,833
1554,803
1554,775
1554,832
1554,833
1554,817
1554,827
1554,836
1554,802
1554,774
1554,764
1554,829
1554,802
1554,768
1554,752
1554,790
1554,804
1554,813
1554,779
1554,778
1554,812
1555,803
1555,770
1555,741
1555,748
1555,743
1555,720
1555,702
1555,690
1555,688
1555,681
1555,670
1555,656
1555,658
1555,646
1555,645
1555,625
1555,613
1555,621
1556,641
1586,654
1586,656
1586,653
1586,656
1586,634
1586,615
1586,597
1586,592
1586,579
1586,562
1628,557
1629,550
1629,539
1629,544
1629,531
1629,511
1629,499
1629,495
1674,496
1674,488
1674,475
1674,476
1674,464
1674,459
1674,460
1674,451
1719,443
1719,445
1719,439
1719,432
1720,431
1720,419
1720,415
1720,411
1720,406
1763,403
1763,410
1763,413
1763,406
1763,400
1763,415
1763,416
1763,413
1763,405
1862,409
1862,422
1862,415
1862,413
1862,417
1862,413
1863,414
1863,417
1917,411
1917,431
1917,428
1917,416
1917,423
1917,409
1917,413
1917,402
1918,419
1918,445
1918,443
1918,483
1918,479
1918,485
1918,511
1918,535
1918,511
1918,528
1918,528
1918,541
1967,541
1967,531
1967,542
1967,531
1967,564
1967,560
1967,549
1967,549
1967,532
1967,528
1967,511
2017,539
2017,544
2017,543
2017,539
2017,544
2017,532
2017,542
2017,529
2017,509
2061,500
2062,501
2062,496
2062,493
2062,480
2062,465
2062,466
2062,480
2062,468
2118,462
2118,453
2118,448
2118,449
2118,448
2118,439
2118,432
2118,428
2118,419
2165,429
2165,432
2165,426
2165,417
2165,414
2165,417
2165,419
2165,414
2165,422
2165,429
2237,412
2237,416
2237,418
2237,409
2238,412
2238,441
2238,442
2238,465
2238,478
2281,486
2281,491
2281,475
2281,474
2281,493
2281,502
2281,494
2282,480
2282,496
2282,501
2282,506
2282,497
2282,510
2282,527
2327,542
2327,542
2327,530
2327,526
2327,544
2327,547
2327,539
2327,540
2327,549
2370,566
2370,583
2370,587
2370,576
2370,576
2370,559
2370,553
2370,539
2422,554
2422,562
2422,554
2422,537
2422,537
2422,546
2422,544
2422,541
2422,537
2473,525
2473,542
2473,585
2473,606
2473,610
2473,597
2473,583
2473,585
2473,576
2473,573
2532,562
2532,592
2532,569
2532,583
2532,605
2532,602
2532,587
2532,589
2532,592
2581,605
2581,587
2581,575
2581,560
2581,560
2581,548
2581,535
2581,523
2582,510
2582,524
2582,511
2582,505
2582,496
2631,483
2631,474
2632,464
2632,459
2632,457
2632,449
2632,436
2632,430
2632,423
2675,417
2675,407
2675,400
2675,387
2675,385
2675,385
2675,373
2675,368
2675,368
2730,368
2730,367
2730,361
2730,356
2730,352
2730,346
2730,347
2730,370
2730,384
2775,382
2775,410
2775,438
2775,432
2775,429
2775,416
2775,417
2775,413
2776,417
2776,411
2819,410
2819,403
2819,399
2819,391
2819,385
2819,379
2819,385
2819,381
2863,380
2863,371
2863,367
2863,361
2863,357
2863,352
2863,349
2863,349
2863,347
2907,346
2907,351
2907,346
2908,343
2908,344
2908,346
2908,341
2908,348
2951,343
2951,342
2951,338
2951,337
2951,330
2951,333
2951,331
2951,332
2951,331
2996,336
2996,339
2996,347
2996,354
2996,363
2996,362
2996,367
2996,363
3041,362
3041,355
3041,350
3041,349
3041,347
3041,354
3041,351
3041,361
3041,362
3091,361
3091,355
3091,368
3091,378
3091,384
3091,388
3091,385
3092,376
4228,368
4228,373
4228,368
4228,369
4228,367
4228,366
4228,357
4228,359
4228,354
4228,350
4228,349
4228,368
4228,374
4228,379
4228,373
4228,372
4228,370
4228,368
4228,370
4228,370
4228,380
4229,385
4229,378
4229,377
4229,371
4229,368
4229,368
4229,366
4229,361
4229,363
4229,359
4229,358
4229,355
4229,356
4229,355
4229,347
4229,352
4229,347
4229,346
4229,342
4229,341
4229,345
4229,339
4230,346
4230,345
4230,345
4230,343
4230,340
4230,336
4230,337
4230,334
4230,333
4230,330
4230,328
4230,327
4230,335
4230,337
4230,337
4230,347
4230,336
4230,336
4230,336
4230,336
4230,337
4230,336
4230,337
4231,336
4231,333
4231,330
4231,334
4231,330
4231,334
4231,333
4231,330
4231,330
4231,326
4231,326
4231,329
4231,331
4231,325
4231,330
4231,329
4231,335
4231,336
4231,335
4231,336
4231,337
4231,341
4231,350
4231,359
4232,355
4232,352
4232,353
4232,351
4232,347
4232,351
4232,351
4232,352
4232,348
4232,347
4232,347
4232,343
4232,340
4232,336
4232,336
4232,332
4232,336
4232,332
4232,330
4232,327
4232,335
4232,336
4233,335
4233,336
4233,333
4233,334
4233,331
4233,327
4233,325
4233,323
4233,320
4233,320
4233,322
4233,321
4233,323
4233,323
4233,323
4233,326
4233,326
4233,324
4233,320
4234,320
4234,317
4234,319
4234,321
4234,321
4234,320
4234,318
4234,320
4234,321
4234,321
4234,320
4234,320
4234,313
4234,321
4234,320
4234,320
4234,320
4234,326
4234,335
4234,335
4234,338
4234,340
4235,343
4235,368
4235,391
4235,389
4235,407
4235,415
4235,409
4235,399
4235,395
4235,396
4235,395
4235,391
4235,398
4235,399
4235,400
4235,406
4235,466
4235,468
4235,465
4235,464
4236,462
4236,468
4236,465
4236,501
4236,511
4236,523
4236,559
4236,566
4236,638
4236,643
4236,670
4236,688
4236,689
4236,722
4236,720
4236,763
4237,763
4237,748
4237,715
4237,706
4237,706
4237,739
4237,735
4237,807
4237,816
4237,831
4237,880
4237,861
4237,887
4237,866
4237,880
4237,853
4237,848
4237,827
4237,806
4237,789
4237,763
4237,763
4237,765
4238,742
4238,763
4238,789
4238,813
4238,848
4238,823
4238,810
4238,822
4271,813
4271,815
4271,801
4271,834
4271,809
4271,771
4271,784
4271,777
4315,757
4315,759
4315,765
4315,849
4315,859
4315,903
4315,903
4316,878
4316,863
4375,832
4375,835
4375,811
4375,802
4375,771
4375,741
4375,736
4375,718
4419,739
4420,720
4420,719
4420,688
4420,681
4420,668
4420,691
4420,685
4420,719
4420,706
4420,702
4420,686
4480,667
4480,656
4480,671
4480,705
4480,720
4480,710
4480,724
4480,738
4524,724
4525,732
4525,751
4525,729
4525,752
4525,752
4525,804
4525,782
4525,827
4525,878
4525,909
4525,936
4575,945
4575,939
4575,919
4575,880
4575,849
4575,813
4575,809
4575,831
4575,838
4618,832
4618,815
4619,797
4619,779
4619,742
4619,713
4619,720
4619,745
4620,745
4662,733
4662,739
4662,723
4662,731
4662,755
4662,736
4662,805
4662,832
4708,851
4708,826
4708,806
4708,783
4708,791
4708,814
4708,806
4708,790
4708,887
4755,959
4756,1045
4756,1062
4756,1043
4756,1040
4756,976
4756,925
4756,899
4799,866
4799,849
4799,807
4799,784
4799,762
4799,778
4799,891
4799,913
4799,914
4845,890
4845,865
4845,905
4845,885
4845,877
4845,839
4845,803
4845,784
4890,833
4890,825
4890,815
4890,780
4890,753
4890,734
4890,709
4890,724
4890,719
6235,702
6235,721
6235,710
6235,687
6235,741
6235,720
6235,724
6235,733
6235,718
6235,694
6235,673
6235,656
6235,693
6235,721
6235,720
6236,713
6236,709
6236,758
6236,753
6236,737
6236,705
6236,678
6236,671
6236,666
6236,656
6236,649
6236,628
6236,628
6236,615
6236,615
6236,599
6236,586
6236,578
6236,576
6237,560
6237,544
6237,557
6237,564
6237,558
6237,564
6237,559
6237,544
6237,528
6237,510
6237,511
6237,538
6237,551
6237,554
6237,544
6237,528
6237,528
6237,537
6237,561
6237,555
6237,576
6237,550
6237,534
6237,511
6237,506
6238,498
6238,482
6238,484
6238,479
6238,495
6238,522
6238,509
6238,496
6238,489
6238,496
6238,485
6238,481
6238,471
6238,464
6238,467
6238,475
6238,464
6238,469
6238,495
6238,496
6238,478
6238,466
6238,464
6239,464
6239,464
6239,462
6239,464
6239,468
6239,469
6239,465
6239,466
6239,475
6239,468
6239,467
6239,465
6239,465
6239,481
6239,470
6239,464
6239,468
6239,483
6239,475
6239,466
6239,467
6239,461
6239,449
6239,447
6239,443
6240,437
6240,441
6240,443
6240,447
6240,445
6240,442
6240,447
6240,443
6240,435
6240,432
6240,427
6240,432
6240,464
6240,465
6240,455
6240,459
6240,458
6240,466
6240,464
6240,457
6241,448
6241,439
6241,433
6241,432
6241,426
6241,417
6241,419
6241,421
6241,416
6241,409
6241,411
6241,432
6241,431
6241,428
6241,425
6241,421
6241,411
6241,402
6241,405
6241,405
6241,401
6241,400
6242,407
6242,404
6242,395
6242,389
6242,383
6242,375
6242,378
6242,377
6242,375
6242,379
6242,373
6242,375
6242,395
6242,400
6242,417
6242,433
6242,437
6242,432
6242,437
6242,432
6242,427
6242,425
6242,435
6242,443
6242,445
6243,461
6243,494
6243,511
6243,560
6243,560
6243,553
6243,551
6243,574
6243,574
6243,557
6243,555
6243,545
6243,541
6243,534
6243,553
6243,558
6243,557
6243,608
6243,618
6243,656
6243,682
6244,675
6244,678
6244,671
6244,688
6244,698
6244,689
6244,691
6244,713
6244,710
6244,738
6244,735
6244,716
6244,678
6244,663
6244,661
6244,653
6244,647
6244,643
6244,651
6244,645
6245,640
6245,621
6245,598
6245,591
6245,580
6245,563
6245,558
6245,543
6245,531
6245,528
6245,545
6245,560
6245,552
6245,563
6245,586
6245,579
6245,576
6245,563
6245,556
6245,535
6245,525
6245,501
6245,491
6245,475
6245,463
6246,445
6246,435
6246,430
6246,420
6246,413
6246,403
6246,402
6246,399
6246,394
6246,390
6246,390
6246,386
6246,386
6246,385
6246,384
6246,381
6246,385
6278,393
6278,407
6278,429
6278,409
6278,402
6278,400
6278,391
6278,387
6278,387
6279,381
6324,383
6324,382
6324,374
6324,370
6324,370
6324,371
6324,368
6324,368
6367,364
6367,368
6367,367
6367,367
6367,366
6367,359
6367,362
6367,359
6367,357
6415,356
6415,354
6415,350
6415,348
6415,346
6415,342
6415,337
6415,336
6462,336
6462,343
6462,343
6462,341
6462,336
6462,336
6462,335
6462,337
6462,334
6462,336
6505,334
6506,336
6506,336
6506,336
6506,332
6506,330
6506,327
6506,326
6548,327
6548,329
6548,328
6548,326
6548,326
6549,323
6549,325
6549,322
6549,328
6592,331
6592,327
6592,323
6593,321
6593,321
6593,320
6593,322
6593,321
6636,322
6637,320
6637,320
6637,317
6637,316
6637,313
6637,314
6637,308
6683,314
6683,316
6683,314
6683,313
6683,313
6683,307
6683,317
6683,309
6683,307
6727,304
6727,309
6727,304
6727,305
6727,313
6727,315
6727,316
6727,316
6727,314
6772,314
6772,311
6772,311
6772,309
6772,314
6772,311
6772,315
6772,313
6829,311
6829,313
6829,310
6829,310
6829,307
6829,309
6829,309
6830,306
6830,307
6875,307
6875,311
6875,310
6875,315
6875,317
6875,315
6876,319
6876,321
6876,318
6876,315
6876,319
6930,319
6930,322
6930,323
6931,319
6931,320
6931,321
6931,322
6931,331
6931,330
6974,334
6975,341
6975,356
6975,342
6975,345
6975,347
6975,343
6975,343
6975,347
6975,346
7021,343
7021,347
7021,347
7021,342
7021,341
7022,342
7022,343
7022,345
7022,349
7066,352
7066,352
7066,351
7066,349
7066,347
7066,351
7066,350
7066,348
7066,348
7109,350
7109,348
7109,347
7109,347
7109,344
7109,345
7110,341
7110,346
7153,341
7153,336
7153,336
7153,336
7153,339
7153,338
7154,336
7154,336
7154,335
7197,334
7197,333
7197,329
7197,323
7197,325
7197,323
7197,321
7197,322
7241,326
7241,321
7241,322
7241,322
7241,330
7241,330
7241,330
7241,331
7284,331
7284,335
7284,338
7284,336
7284,336
7284,339
7284,340
7284,338
7284,346
7331,341
7331,339
7332,343
7332,345
7332,349
7332,353
7332,348
7332,353
7332,348
7379,359
7379,367
7379,368
7379,366
7379,367
7379,365
7379,368
7379,367
7379,367
7423,365
7423,367
7423,362
7423,365
7423,365
7424,368
7424,361
7424,355
7469,359
7469,359
7469,361
7469,359
7469,355
7469,354
7469,355
7469,358
7469,361
7513,350
7513,352
7513,342
7513,352
7513,350
7513,350
7514,353
7514,353
7514,350
7557,347
7557,350
7557,351
7557,353
7557,349
7557,353
7557,350
7557,346
7604,350
7604,339
7604,345
7604,345
7604,341
7604,345
7604,341
7605,338
7605,337
7649,336
7649,341
7649,337
7649,338
7649,337
7649,336
7649,334
7649,331
7649,333
7692,326
7692,327
7692,326
7692,323
7692,322
7692,322
7692,326
7692,330
7738,327
7738,330
7738,331
7738,332
7738,335
7738,333
7738,333
7738,335
7738,336
7782,336
7782,336
7782,338
7782,338
7782,338
7782,336
7783,335
7783,336
7826,336
7826,336
7826,336
7827,330
7827,336
7827,336
7827,335
7827,338
7827,345
7872,345
7872,343
7872,341
7872,346
7872,352
7872,350
7872,352
7872,350
7918,353
7918,356
7918,353
7918,345
7918,341
7918,340
7918,341
7918,336
7918,337
7962,345
7962,342
7962,343
7962,343
7962,339
7962,351
7962,339
7962,336
7963,336
8007,338
8007,337
8007,336
8007,335
8007,335
8007,332
8007,332
8007,331
8008,332
8056,332
8056,330
8056,323
8056,327
8056,320
8057,321
8057,320
8057,318
8057,320
8101,322
8101,327
8101,329
8102,325
8102,336
8102,345
8102,338
8102,337
8102,336
8157,339
8157,338
8157,337
8157,340
8157,351
8157,355
8157,359
8157,358
8203,355
8203,367
8203,377
8203,375
8203,373
8203,391
8203,399
8203,400
8203,415
8203,432
8203,557
8246,589
8246,585
8246,589
8246,592
8246,582
8247,574
8247,619
8247,615
8247,624
8290,618
8290,631
8291,685
8291,719
8291,791
8291,783
8291,803
8291,821
8338,896
8338,880
8338,912
8338,923
8338,880
8338,850
8339,842
8339,848
8339,830
8382,827
8382,810
8382,799
8382,802
8382,811
8382,790
8383,831
8383,823
8383,847
8426,923
8426,912
8426,955
8426,985
8426,1042
8426,1040
8427,1090
8470,1066
8470,1072
8470,1059
8470,1006
8470,964
8470,934
8470,912
8471,887
8515,880
8515,877
8515,838
8515,842
8515,816
8515,795
8515,773
8515,751
8515,741
8571,727
8571,774
8571,784
8571,801
8571,784
8571,749
8571,720
8571,726
8616,717
8616,749
8616,737
8616,752
8616,752
8616,769
8616,755
8616,752
8616,773
8616,783
8617,813
8663,793
8663,781
8663,746
8663,721
8663,707
8663,708
8663,711
8663,716
8663,740
8709,742
8709,749
8709,853
8709,871
8709,945
8709,900
8709,871
8709,844
8709,816
8754,806
8754,793
8754,786
8754,770
8754,753
8754,831
8754,843
8754,869
8800,844
8800,816
8801,801
8801,782
8801,774
8801,755
8801,746
8801,757
8801,723
8847,707
8847,715
8847,699
8847,672
8847,658
8847,650
8847,668
8847,691
8847,803
8896,855
8896,847
8896,834
8896,837
8896,829
8896,800
8896,789
8896,785
8896,782
8941,815
8941,798
8941,794
8941,778
8941,855
8941,862
8941,861
8942,839
8942,825
8987,797
8987,777
8987,826
8987,788
8987,789
8987,767
8987,743
8987,743
8987,839
9030,852
9030,845
9030,806
9030,809
9030,812
9030,793
9030,758
9030,795
9030,806
9080,794
9080,761
9080,756
9080,729
9080,701
9080,681
9081,674
9081,663
9081,646
9125,631
9125,633
9125,624
9125,605
9125,603
9125,595
9125,582
9125,589
9125,591
9175,583
9175,569
9175,556
9175,545
9175,550
9175,545
9175,562
9175,558
9227,538
9227,533
9227,528
9227,511
9227,528
9227,528
9227,528
9227,523
9227,529
9227,511
9271,503
9271,491
9271,482
9271,470
9271,464
9271,454
9271,455
9271,443
9272,435
9272,428
9316,423
9316,417
9316,419
9316,425
9316,431
9316,426
9316,425
9316,422
9363,414
9363,415
9363,412
9363,402
9363,400
9363,394
9363,389
9363,383
9363,376
9363,374
9406,370
9406,379
9406,377
9406,382
9406,400
9406,401
9407,402
9407,403
9449,405
9449,400
9449,394
9449,391
9449,394
9449,386
9449,394
9449,385
9493,387
9494,392
9494,388
9494,385
9494,383
9494,384
9494,384
9494,383
9494,386
9538,385
9538,385
9539,383
9539,375
9539,379
9539,377
9539,388
9539,384
9593,373
9594,374
9594,384
9594,409
9594,426
9594,434
9594,438
9594,442
9594,438
9637,432
9637,432
9637,429
9637,419
9637,417
9637,406
9637,415
9637,409
9637,405
9637,403
9686,399
9686,398
9686,395
9686,397
9686,411
9686,403
9686,400
9686,402
9686,406
9731,403
9731,409
9731,402
9731,401
9731,411
9731,410
9731,401
9731,416
9731,426
9774,418
9775,430
9775,435
9775,449
9775,464
9775,455
9775,448
9775,449
9775,462
9818,455
9818,459
9818,449
9818,442
9818,432
9818,431
9818,428
9818,432
9862,432
9862,432
9862,446
9862,449
9862,454
9862,464
9862,464
9862,455
9905,460
9905,461
9905,457
9905,450
9905,447
9905,435
9905,430
9906,421
9906,432
9949,435
9949,432
9949,430
9949,425
9949,441
9949,450
9949,463
9950,469
10007,448
10007,448
10007,442
10007,453
10007,461
10007,451
10007,439
10007,468
10050,466
10050,487
10050,511
10050,498
10050,495
10050,487
10050,497
10050,493
10050,480
10050,480
10050,473
10106,464
10106,464
10106,455
10106,445
10106,433
10106,432
10106,466
10106,492
10106,499
10149,535
10149,528
10149,511
10149,500
10149,506
10149,496
10150,485
10150,474
10150,462
10150,450
10150,475
10200,479
10200,493
10200,526
10200,523
10200,502
10200,489
10200,486
10200,487
10200,479
10247,467
10247,467
10247,464
10247,461
10247,453
10247,448
10247,438
10247,432
10247,432
10290,426
10290,426
10290,419
10290,415
10290,413
10290,400
10290,403
10290,401
10290,400
10334,391
10334,388
10334,387
10334,386
10334,382
10334,377
10334,373
10334,368
10377,368
10377,368
10377,368
10377,365
10377,366
10377,362
10377,366
10377,365
10420,363
10420,358
10420,365
10421,364
10421,359
10421,365
10421,369
10421,369
10421,367
10464,366
10464,374
10464,362
10464,363
10464,355
10464,350
10464,347
10464,351
10514,347
10514,347
10514,351
10514,344
10514,342
10514,342
10514,338
10514,337
10514,338
10558,336
10558,337
10558,337
10558,334
10558,330
10558,330
10558,330
10558,333
10558,330
10605,333
10606,335
10606,327
10606,333
10606,336
10606,335
10606,337
10606,336
10606,336
10649,337
10649,339
10649,341
10649,336
10649,336
10649,345
10649,342
10649,346
10649,338
10694,341
10694,342
10694,342
10694,336
10694,336
10694,338
10694,346
10694,349
10738,355
10738,354
10738,347
10738,347
10738,346
10738,347
10738,352
10738,349
10781,347
10781,347
10781,351
10781,350
10781,352
10781,349
10781,350
10781,349
10781,353
10827,355
10827,356
10828,354
10828,357
10828,357
10828,359
10828,362
10828,357
10828,361
10870,359
10870,352
10870,354
10870,355
10870,358
10870,355
10870,358
10870,353
10924,350
10924,354
10924,358
10924,357
10924,353
10924,352
10924,356
10924,352
10967,351
10967,361
10968,351
10968,349
10968,349
10968,350
10968,352
10968,347
10968,350
10968,345
10968,340
11011,345
11011,352
11011,366
11011,363
11011,366
11011,354
11011,348
11011,350
11056,344
11056,345
11056,352
11056,346
11056,349
11056,350
11056,352
11056,347
11056,354
11099,356
11099,359
11099,358
11099,359
11099,351
11099,355
11099,355
11099,355
11142,356
11142,354
11142,352
11142,349
11142,352
11142,352
11142,355
11143,354
11189,350
11189,350
11189,348
11189,351
11189,352
11189,349
11189,348
11189,352
11189,350
11243,343
11243,339
11243,336
11243,336
11243,336
11243,333
11243,335
11243,336
11293,336
11293,337
11293,336
11293,336
11293,336
11293,332
11293,336
11293,334
11294,330
11294,330
11294,326
11341,329
11341,333
11341,336
11341,335
11341,336
11341,331
11341,329
11341,329
11341,337
11341,325
11385,325
11385,323
11385,331
11385,330
11385,335
11385,334
11385,334
11385,331
11385,333
11437,332
11437,330
11437,326
11437,331
11437,329
11437,327
11437,322
11437,325
11480,325
11480,330
11480,334
11480,333
11480,330
11480,327
11480,327
11481,329
11481,331
11481,330
11528,331
11528,324
11528,323
11528,323
11528,322
11528,325
11528,325
11528,321
11529,326
11574,330
11574,341
11574,337
11574,343
11574,334
11574,336
11574,335
11574,336
11575,329
11620,342
11620,336
11620,336
11620,336
11620,338
11620,336
11620,335
11620,325
11620,333
11664,336
11664,336
11664,341
11664,337
11664,336
11664,336
11665,334
11665,334
11707,333
11707,336
11707,333
11707,332
11707,333
11707,333
11707,334
11707,334
11707,333
11792,334
11792,330
11792,329
11792,336
11792,336
11792,334
11792,338
11792,338
11792,336
11836,336
11836,336
11836,338
11837,336
11837,336
11837,339
11837,343
11837,350
11837,342
11837,325
11837,345
11837,343
11837,341
11837,345
11837,348
11837,346
11889,349
11889,347
11889,350
11889,351
11889,350
11889,347
11889,349
11889,352
11932,352
11932,355
11932,355
11932,357
11932,353
11932,347
11933,343
11933,346
11933,343
11933,347
11976,350
11976,349
11977,352
11977,351
11977,347
11977,351
11977,353
11977,354
12029,357
12029,359
12029,368
12029,371
12029,368
12029,371
12030,376
12030,378
12030,384
12074,390
12074,395
12074,405
12074,407
12074,417
12074,431
12074,425
12074,437
12074,454
12074,448
12117,462
12117,467
12117,470
12117,491
12118,487
12118,493
12118,496
12118,541
12160,560
12160,583
12160,578
12160,640
12160,736
12160,752
12161,752
12161,724
12161,720
12205,693
12205,663
12205,656
12205,658
12205,653
12205,654
12205,641
12205,624
12251,623
12251,601
12251,585
12251,566
12251,554
12251,547
12251,553
12251,533
12251,570
12299,590
12299,592
12299,594
12299,611
12299,594
12299,608
12300,602
12300,624
12300,608
12342,613
12342,622
12342,654
12342,642
12342,676
12342,675
12342,707
12342,702
12385,689
12386,723
12386,709
12386,768
12386,790
12386,797
12386,814
12386,790
12386,767
12429,768
12430,737
12430,720
12430,718
12430,710
12430,698
12430,687
12430,700
12479,675
12479,688
12479,702
12479,715
12480,713
12480,727
12480,717
12480,701
12480,690
12523,665
12523,656
12523,656
12523,669
12523,678
12523,697
12523,686
12523,656
12524,650
12569,640
12569,629
12569,613
12569,614
12569,599
12569,611
12569,597
12569,588
12569,577
12612,598
12612,625
12612,624
12612,678
12612,685
12612,757
12612,762
12612,752
12661,738
12661,730
12661,738
12661,827
12661,836
12661,815
12661,843
12661,865
12661,846
12661,905
12709,917
12709,961
12709,912
12709,891
12709,889
12709,871
12709,859
12709,848
12709,883
13732,871
13732,866
13732,841
13732,896
13732,912
13732,951
13732,921
13732,899
13732,915
13732,910
13732,901
13732,862
13732,823
13733,794
13733,795
13733,804
13733,811
13733,783
13733,759
13733,784
13733,775
13733,775
13733,755
13733,735
13733,714
13733,722
13733,719
13733,729
13733,714
13733,706
13733,735
13733,751
13733,735
13733,720
13733,711
13733,759
13733,784
13733,806
13733,784
13733,753
13733,722
13733,720
13733,720
13733,715
13733,691
13733,669
13733,673
13733,669
13733,674
13733,656
13733,651
13733,683
13733,673
13733,667
13733,652
13734,630
13734,606
13734,605
13734,592
13734,583
13734,567
13734,562
13734,566
13734,560
13734,545
13734,534
13734,511
13734,501
13734,490
13734,479
13734,477
13734,463
13734,455
13734,445
13734,448
13734,451
13734,448
13735,446
13735,438
13735,434
13735,445
13735,445
13735,435
13735,426
13735,436
13735,485
13735,489
13735,502
13735,496
13736,480
13736,469
13736,459
13736,454
13736,448
13736,443
13736,442
13736,439
13736,444
13736,442
13736,449
13736,470
13737,463
13737,456
13737,449
13737,442
13737,443
13737,438
13737,432
13737,429
13737,421
13737,418
13737,415
13737,415
13737,405
13737,407
13737,411
13737,418
13737,417
13737,430
13737,442
13737,438
13738,437
13738,436
13738,432
13738,429
13738,429
13738,429
13738,419
13738,414
13738,403
13738,402
13738,397
13738,403
13738,403
13738,406
13738,425
13738,432
13738,438
13738,437
13738,431
13738,432
13738,433
13738,442
13738,436
13739,447
13739,448
13739,463
13739,454
13739,448
13739,432
13739,440
13739,450
13739,451
13739,448
13739,442
13739,445
13739,435
13739,453
13739,461
13739,479
13739,464
13739,460
13739,463
13739,467
13739,493
13739,499
13740,497
13740,497
13740,490
13740,495
13740,498
13740,493
13740,487
13740,480
13740,480
13740,476
13740,467
13740,486
13740,494
13740,494
13740,475
13740,465
13740,466
13740,469
13740,464
13741,461
13741,479
13741,482
13741,495
13741,486
13741,486
13741,471
13741,470
13741,473
13741,485
13741,467
13776,537
13776,572
13776,597
13776,622
13776,611
13776,663
13776,665
13776,706
13776,708
13819,682
13819,667
13819,656
13819,642
13819,640
13819,615
13819,603
13819,595
13864,601
13864,592
13864,592
13864,607
13864,596
13864,613
13864,627
13864,623
13864,635
13907,627
13907,609
13907,576
13907,582
13908,573
13908,560
13908,560
13908,609
13953,621
13953,645
13953,657
13953,645
13953,656
13954,646
13954,667
13954,665
13954,651
14002,631
14002,608
14002,587
14002,572
14002,556
14003,535
14003,511
14003,496
14047,484
14047,474
14047,464
14047,451
14047,436
14047,430
14047,420
14048,413
14048,401
14048,398
14095,390
14095,386
14095,385
14095,379
14095,374
14095,374
14095,370
14096,368
14142,368
14143,370
14143,368
14143,368
14143,368
14143,375
14143,380
14143,375
14143,370
14143,373
14201,378
14201,371
14201,378
14201,382
14201,384
14201,378
14201,370
14201,376
14201,369
14248,368
14248,373
14248,377
14248,375
14248,369
14248,368
14248,358
14248,355
14248,367
14248,349
14248,347
14296,341
14296,339
14296,338
14296,338
14296,338
14296,336
14296,336
14296,336
14296,333
14341,332
14341,339
14341,350
14341,342
14341,341
14341,337
14341,336
14341,336
14341,335
14384,339
14384,336
14384,337
14384,336
14384,333
14384,340
14384,339
14384,337
14384,337
14428,346
14428,344
14428,355
14428,345
14428,338
14428,336
14428,335
14428,332
14472,325
14472,331
14472,331
14472,329
14472,329
14472,328
14472,329
14472,335
14472,333
14516,338
14516,338
14516,345
14516,342
14516,342
14516,337
14517,322
14517,336
14561,335
14561,336
14561,335
14561,332
14561,329
14561,330
14561,327
14561,330
14561,331
14606,335
14606,334
14606,337
14606,347
14606,348
14606,349
14606,348
14606,343
14653,341
14653,340
14653,343
14653,338
14653,337
14653,337
14653,336
14653,334
14653,330
14695,330
14695,335
14695,336
14695,334
14695,336
14695,336
14695,336
14696,342
14739,342
14740,345
14740,349
14740,350
14740,343
14740,346
14740,343
14740,340
14740,339
14783,337
14783,339
14783,336
14783,336
14783,338
14783,340
14783,338
14783,337
14827,336
14827,337
14827,336
14827,337
14827,347
14827,346
14827,352
14827,349
14827,350
14873,347
14874,345
14874,353
14874,343
14874,343
14874,346
14874,350
14874,347
14923,352
14923,348
14923,348
14923,343
14923,348
14923,355
14923,362
14923,360
14923,364
14966,365
14966,364
14966,363
14966,355
14966,351
14966,355
14966,362
14967,362
14967,363
15017,358
15017,355
15017,352
15017,359
15017,368
15017,368
15017,364
15017,363
15017,368
15062,367
15062,368
15062,374
15062,371
15062,368
15062,373
15062,367
15062,368
15062,366
15062,368
15106,368
15106,373
15106,375
15106,379
15106,377
15107,371
15107,371
15107,372
15151,377
15151,371
15151,386
15151,390
15151,381
15151,382
15151,374
15151,373
15151,368
15199,371
15199,368
15199,369
15199,368
15199,369
15199,373
15199,367
15199,368
15243,364
15243,367
15243,367
15243,358
15243,363
15243,362
15243,361
15243,355
15243,355
15243,351
15287,346
15287,354
15287,355
15287,365
15287,368
15287,365
15287,367
15287,368
15333,368
15333,366
15333,363
15333,368
15333,370
15333,374
15333,377
15333,372
15333,373
15375,375
15375,382
15375,382
15375,379
15375,378
15375,384
15375,391
15375,395
15434,400
15434,394
15434,393
15434,393
15434,388
15434,397
15434,398
15434,399
15478,398
15478,399
15478,397
15478,400
15478,401
15478,413
15478,410
15478,407
15478,406
15478,403
15478,405
15478,403
15532,398
15532,400
15532,400
15532,400
15532,400
15532,401
15532,397
15532,391
15577,387
15577,388
15577,400
15577,389
15577,392
15577,390
15577,389
15577,396
15577,390
15577,390
15577,386
15629,385
15629,383
15629,378
15629,383
15629,375
15629,376
15629,379
15629,381
15629,381
15678,379
15678,377
15678,377
15678,381
15678,375
15678,369
15678,366
15678,362
15678,359
15678,358
15721,353
15721,353
15721,357
15721,355
15722,366
15722,380
15722,381
15722,422
15770,460
15770,458
15770,487
15770,493
15770,507
15770,507
15770,543
15770,559
15770,602
15813,594
15813,602
15813,649
15813,658
15813,685
15813,683
15813,761
15813,807
15813,816
15857,854
15857,853
15857,843
15857,841
15857,823
15857,799
15857,784
15857,755
15900,727
15900,742
15900,731
15900,738
15901,746
15901,770
15901,767
15901,751
15901,757
15948,747
15948,712
15948,699
15948,688
15949,691
15949,701
15949,683
15949,657
15949,667
15992,665
15992,677
15993,703
15993,722
15993,717
15993,769
15993,790
15993,780
15993,791
16040,772
16040,808
16040,820
16040,837
16040,912
16040,900
16040,922
16041,925
16041,911
16087,880
16087,881
16087,880
16087,928
16087,909
16088,947
16088,935
16088,912
16088,920
16137,895
16137,870
16137,865
16137,832
16137,798
16137,795
16137,768
16137,743
16196,717
16196,695
16196,682
16196,695
16196,686
16196,688
16196,675
16196,655
16196,635
16196,621
16249,638
16249,651
16249,657
16249,656
16249,642
16249,637
16249,665
16249,655
16250,683
16250,739
16250,735
16293,736
16293,716
16293,735
16293,722
16293,699
16293,723
16293,726
16293,754
16293,775
16293,752
16342,729
16342,711
16342,725
16342,720
16342,706
16342,715
16342,705
16342,691
16388,712
16388,747
16388,731
16388,726
16388,731
16388,705
16388,691
16388,747
16388,761
16388,782
16432,783
16432,754
16432,777
16432,801
16432,778
16432,756
16432,736
16432,711
16432,767
16475,830
16475,833
16475,797
16475,841
16475,898
16475,867
16475,863
16475,829
16518,791
16518,802
16518,795
16518,767
16518,748
16518,725
16518,775
16519,782
16519,752
16562,727
16562,731
16562,707
16562,688
16562,687
16562,796
16562,819
16562,791
16606,763
16606,739
16606,721
16606,713
16606,702
16606,675
16606,676
16606,669
16654,657
16654,641
16654,642
16654,688
16654,697
16654,679
16654,656
16654,635
16654,622
16697,656
16697,669
16697,665
16697,643
16697,625
16697,613
16697,611
16697,598
16697,590
16744,592
16744,575
16744,571
16744,574
16744,569
16744,555
16744,541
16744,530
16744,511
16787,511
16787,528
16787,532
16787,529
16787,544
16787,541
16787,529
16787,527
16831,508
16831,504
16831,496
16831,497
16831,497
16831,497
16831,495
16831,493
16831,492
16875,482
16875,472
16875,481
16875,474
16875,493
16875,498
16875,494
16875,483
16921,475
16921,467
16921,462
16921,453
16921,458
16921,467
16921,477
16921,467
16970,490
16970,528
16971,511
16971,499
16971,541
16971,527
16971,539
16971,547
16971,538
17014,531
17014,541
17014,523
17014,501
17014,503
17014,497
17014,497
17014,503
17014,496
17014,485
17065,481
17065,496
17065,495
17065,486
17065,474
17065,475
17065,471
17065,477
17115,467
17115,479
17115,481
17115,470
17115,467
17115,462
17115,464
17115,461
17115,459
17115,464
17187,479
17187,478
17187,473
17187,477
17188,467
17188,460
17188,450
17188,442
17188,455
17188,455
17234,452
17234,451
17234,442
17234,433
17234,429
17234,427
17234,432
17234,427
17234,419
17235,421
17235,413
17235,403
17235,382
17235,389
17278,387
17278,381
17278,383
17278,381
17278,368
17278,377
17278,383
17278,395
17324,387
17324,399
17324,397
17324,400
17324,409
17324,427
17324,405
17324,405
17324,415
17396,423
17396,419
17396,415
17396,432
17396,432
17396,426
17396,421
17396,434
17440,457
17440,461
17440,482
17440,475
17440,464
17440,465
17440,482
17440,490
17440,483
17440,489
17440,506
17440,510
17440,525
17440,511
17484,511
17484,550
17484,547
17484,534
17484,548
17484,563
17484,572
17484,593
17484,575
17526,560
17526,560
17526,574
17526,589
17527,602
17527,624
17527,662
17527,673
17591,734
17591,723
17591,743
17591,734
17591,752
17591,784
17591,780
17591,817
17638,833
17638,815
17638,785
17638,752
17638,736
17638,725
17638,710
17638,709
17638,692
17638,693
17638,694
17638,683
17638,672
17686,649
17686,629
17687,610
17687,625
17687,611
17687,614
17687,609
17687,613
17687,621
17730,649
17730,643
17730,640
17730,627
17730,617
17730,598
17730,581
17730,566
17730,551
17774,539
17774,523
17774,507
17774,492
17775,478
17775,465
17775,459
17775,453
17775,446
17820,432
17821,428
17821,416
17821,406
17821,400
17821,397
17821,388
17821,384
17864,383
17864,391
17864,383
17864,374
17864,369
17864,368
17864,368
17864,363
17864,362
17909,359
17909,369
17909,375
17909,377
17909,378
17909,371
17909,368
17909,362
17955,357
17955,355
17955,353
17955,347
17955,345
17955,343
17955,341
17955,339
17955,335
18000,335
18000,333
18000,333
18000,331
18000,329
18000,324
18001,323
18001,323
18001,321
18047,336
18047,331
18047,327
18047,327
18047,321
18047,320
18047,323
18047,321
18097,321
18097,320
18097,328
18097,325
18097,325
18097,324
18097,320
18097,329
18097,329
18097,326
18140,328
18140,337
18140,333
18140,335
18140,336
18140,334
18141,337
18141,339
18141,336
18184,339
18184,338
18184,340
18185,338
18185,337
18185,336
18185,336
18185,340
18230,351
18230,340
18230,339
18231,336
18231,334
18231,332
18231,331
18231,330
18231,330
18274,333
18274,336
18274,341
18274,337
18274,336
18274,337
18274,342
18274,337
18274,337
18318,339
18318,342
18318,342
18318,349
18318,341
18318,339
18318,338
18318,336
18361,336
18361,333
18361,334
18361,335
18361,336
18361,336
18361,335
18361,336
18406,338
18406,338
18406,341
18406,340
18406,342
18406,341
18406,351
18406,336
18406,341
18449,343
18449,340
18449,337
18449,338
18449,336
18449,341
18449,339
18449,346
18502,347
18502,346
18502,344
18502,349
18502,347
18502,343
18502,347
18502,345
18502,349
18545,353
18545,354
18545,355
18545,354
18545,352
18545,351
18545,351
18545,352
18545,357
18546,354
18595,351
18595,351
18595,350
18595,350
18595,349
18596,346
18596,351
18596,352
18642,360
18642,351
18642,355
18642,353
18642,337
18642,354
18642,352
18642,351
18643,352
18643,346
18686,348
18686,352
18687,350
18687,351
18687,353
18687,354
18687,358
18687,359
18687,362
18730,366
18730,363
18730,367
18730,361
18730,364
18730,357
18730,363
18730,359
18776,356
18776,357
18776,352
18776,350
18776,350
18776,347
18776,348
18776,349
18776,355
18820,355
18820,355
18820,357
18820,358
18820,362
18820,367
18820,365
18820,362
18867,362
18867,356
18867,356
18867,358
18867,357
18867,355
18867,365
18867,355
18867,368
18915,360
18915,366
18915,368
18915,361
18915,368
18915,368
18915,365
18915,363
18915,363
18959,357
18959,367
18959,359
18959,356
18959,363
18959,362
18959,357
18959,356
18959,356
19003,343
19003,350
19003,353
19003,350
19003,351
19003,350
19003,352
19003,352
19050,351
19050,346
19050,345
19050,349
19050,343
19050,342
19050,338
19050,346
19051,346
19093,347
19093,354
19093,351
19093,351
19093,354
19094,352
19094,352
19094,357
19094,352
19138,357
19138,353
19138,350
19138,346
19138,347
19139,343
19139,339
19139,342
19184,342
19184,347
19184,349
19184,345
19184,341
19184,339
19184,339
19184,339
19184,336
19229,331
19229,348
19229,344
19229,346
19229,349
19229,345
19229,351
19229,348
19229,342
19272,343
19272,336
19272,336
19272,336
19272,334
19272,333
19272,330
19272,333
19317,333
19317,336
19317,337
19317,336
19317,357
19317,379
19317,397
19317,398
19317,399
19364,425
19364,464
19364,464
19364,540
19364,537
19364,555
19364,569
19364,582
19407,577
19407,578
19407,576
19407,645
19407,683
19407,658
19407,683
19407,747
19407,771
19452,820
19452,811
19452,834
19452,816
19452,797
19452,789
19452,782
19452,759
19452,762
19500,770
19500,754
19500,747
19500,724
19500,717
19500,751
19500,819
19500,845
19543,923
19543,915
19543,963
19543,951
19543,976
19545,934
19545,944
19545,914
19545,903
19588,905
19588,883
19588,869
19588,871
19588,848
19588,878
19588,857
19588,831
19589,851
19636,848
19636,816
19636,782
19636,754
19636,771
19636,784
19636,771
19636,784
19636,767
19680,750
19680,759
19680,746
19680,747
19680,731
19680,720
19680,713
19680,699
19726,720
19726,713
19726,725
19726,726
19726,716
19726,704
19726,719
19726,734
19726,725
19820,712
19820,703
19820,717
19820,725
19820,751
19820,753
19820,726
19820,720
19820,740
19865,727
19865,784
19865,763
19865,809
19865,830
19865,827
19865,833
19865,830
19865,829
19865,887
19865,887
19865,892
19865,944
19866,928
19866,976
19866,1008
19866,989
19909,1063
19909,1061
19910,1092
19910,1060
19910,1038
19910,977
19910,944
19910,911
19953,899
19953,945
19954,965
19954,986
19954,975
19954,1014
19954,969
19954,937
19954,894
19997,873
19997,839
19997,825
19997,798
19997,823
19997,871
19997,862
19997,869
20045,832
20045,870
20045,893
20045,882
20045,859
20045,865
20045,972
20045,988
20045,1011
20090,986
20090,981
20090,1071
20090,1057
20090,1042
20090,987
20090,964
20091,958
20136,960
20136,906
20136,873
20136,845
20136,806
20136,784
20136,810
20136,833
20136,859
20183,833
20183,814
20183,785
20183,769
20184,772
20184,753
20184,722
20184,734
20184,726
20226,730
20227,718
20227,704
20227,698
20227,672
20227,656
20227,649
20227,630
20271,649
20271,643
20271,660
20272,670
20272,665
20272,656
20272,658
20272,629
20272,611
20316,592
20316,625
20316,627
20316,613
20316,621
20316,601
20316,597
20316,590
20362,576
20362,577
20362,574
20362,562
20362,550
20363,533
20363,511
20363,528
20363,537
20405,551
20405,549
20405,534
20405,526
20405,539
20405,530
20405,528
20405,511
20405,496
20453,486
20453,470
20453,468
20453,461
20453,457
20453,445
20453,435
20453,432
20497,452
20497,448
20497,450
20497,436
20497,431
20497,427
20497,422
20497,421
20497,413
20544,409
20544,400
20544,393
20544,387
20544,382
20544,384
20544,375
20544,381
20544,368
20592,370
20592,370
20592,371
20592,381
20592,381
20592,380
20594,385
20594,395
20594,389
20638,390
20638,393
20638,387
20638,384
20638,379
20638,374
20638,371
20638,368
20638,368
20684,369
20684,368
20684,365
20684,368
20684,368
20684,362
20684,365
20684,361
20684,366
20730,378
20730,374
20730,378
20730,379
20730,373
20730,369
20730,368
20730,365
20730,362
20774,362
20774,365
20774,366
20774,362
20774,355
20774,352
20774,351
20774,350
20817,353
20817,350
20817,346
20817,353
20817,357
20817,358
20817,363
20817,361
20817,363
20862,362
20862,354
20862,357
20862,356
20862,352
20862,356
20862,353
20862,354
20906,356
20906,349
20906,350
20906,351
20906,351
20906,352
20906,359
20906,368
20906,364
20955,370
20955,378
20955,379
20955,380
20955,397
20955,384
20955,397
20955,416
21002,432
21002,465
21002,486
21002,511
21002,528
21003,511
21003,511
21003,505
21003,529
21003,558
21045,544
21045,562
21045,555
21045,571
21045,594
21045,595
21045,591
21045,592
21089,594
21089,635
21089,635
21089,624
21089,602
21089,605
21089,620
21089,618
21089,637
21132,625
21132,650
21132,650
21132,655
21132,647
21133,650
21133,624
21133,688
21178,704
21178,705
21178,743
21178,763
21178,762
21178,749
21178,730
21178,704
21178,679
21222,656
21222,630
21222,608
21222,592
21222,570
21222,554
21222,541
21222,535
21271,528
21271,549
21271,580
21271,572
21271,561
21271,562
21271,555
21271,548
21271,545
21315,554
21315,543
21315,528
21315,511
21315,496
21315,479
21315,467
21315,460
21315,453
21364,443
21364,441
21364,436
21364,432
21364,428
21364,426
21364,419
21364,427
21364,424
21407,426
21407,431
21407,432
21407,428
21407,426
21407,432
21407,432
21407,438
21407,441
21451,441
21451,439
21451,446
21451,448
21451,449
21451,449
21451,454
21451,459
21494,461
21494,453
21494,449
21494,447
21494,461
21494,474
21494,476
21494,461
21494,448
21539,438
21539,441
21540,449
21540,448
21540,443
21540,435
21540,432
21540,429
21584,427
21584,431
21584,427
21584,428
21584,429
21584,426
21584,426
21584,425
21627,426
21627,433
21627,432
21627,431
21627,421
21627,418
21627,416
21627,410
21627,411
21672,410
21672,418
21672,416
21672,407
21672,406
21672,414
21672,419
21672,416
21672,410
21719,410
21719,403
21719,400
21719,399
21719,394
21719,391
21719,388
21719,400
21762,407
21762,418
21762,413
21762,407
21763,410
21763,410
21763,400
21763,398
21763,387
21829,374
21829,377
21829,373
21829,373
21830,375
21830,381
21830,371
21830,368
21830,369
21876,370
21876,371
21876,367
21876,365
21876,365
21876,360
21876,365
21876,369
21876,370
21876,367
21876,364
21877,362
21924,359
21924,379
21924,358
21924,369
21924,367
21924,362
21925,361
21925,356
21925,354
21968,357
21968,367
21968,368
21968,370
21969,371
21969,366
21969,363
21969,355
21969,351
21969,349
22012,353
22012,351
22012,351
22012,355
22012,358
22012,353
22012,359
22012,362
22056,358
22056,349
22056,349
22056,343
22056,341
22056,336
22057,335
22057,336
22057,336
22103,347
22103,355
22103,368
22103,345
22103,354
22103,353
22103,352
22103,346
22146,346
22146,346
22146,343
22146,339
22146,336
22146,335
22146,332
22146,327
22146,331
22193,330
22193,330
22193,332
22193,335
22193,330
22193,336
22194,336
22194,336
22236,336
22236,368
22236,367
22236,362
22236,358
22236,349
22236,349
22236,342
22236,343
22281,338
22281,342
22281,346
22281,340
22281,336
22281,336
22281,334
22281,331
22281,328
22334,326
22334,333
22334,333
22334,330
22334,327
22334,323
22334,321
22334,321
22334,319
22377,327
22377,347
22377,349
22377,351
22377,348
22377,347
22377,346
22377,345
22377,345
22421,343
22421,343
22421,342
22421,336
22421,336
22421,330
22421,335
22421,336
22464,331
22464,335
22464,331
22464,331
22464,336
22464,336
22464,341
22464,337
22464,340
22511,338
22511,342
22511,342
22511,347
22511,341
22511,338
22511,336
22511,338
22554,338
22554,351
22554,351
22555,345
22555,350
22555,358
22555,367
22555,367
22555,364
22602,362
22602,365
22602,380
22603,374
22603,371
22603,368
22603,368
22603,374
22603,381
22646,384
22646,387
22646,384
22646,376
22646,388
22646,393
22646,397
22646,394
22646,400
22690,401
22690,413
22690,412
22690,401
22690,399
22690,403
22690,411
22690,412
22747,402
22747,416
22747,432
22747,430
22747,436
22748,443
22748,447
22748,434
22748,433
22792,429
22792,425
22792,435
22792,435
22792,426
22792,417
22792,414
22792,407
22792,403
22792,398
22792,399
22840,416
22840,429
22840,448
22840,455
22840,454
22840,458
22840,450
22840,453
22884,496
22884,577
22884,615
22884,631
22884,687
22885,682
22885,731
22885,752
22885,762
22885,815
22928,802
22928,853
22928,942
22928,928
22928,973
22928,990
22928,953
22928,944
22972,951
22972,923
22972,891
22972,893
22972,864
22972,862
22972,928
22973,906
22973,950
23018,923
23018,919
23018,896
23019,878
23019,845
23019,858
23019,838
23019,820
23066,849
23066,854
23066,871
23067,837
23067,850
23067,841
23067,890
23067,1021
23114,1040
23114,1123
23114,1102
23114,1103
23114,1071
23114,1058
23114,1082
23115,1072
23158,1023
23158,981
23158,989
23158,951
23158,927
23158,960
23158,990
23158,976
23158,1001
23202,944
23202,906
23202,879
23202,835
23202,810
23202,782
23202,797
23202,799
23256,806
23256,786
23256,803
23256,784
23256,785
23256,757
23256,769
23256,755
23257,784
23257,763
23303,767
23303,752
23303,784
23303,773
23303,737
23303,710
23303,704
23303,720
23303,709
23303,698
23346,775
23346,813
23346,897
23347,885
23347,885
23347,865
23347,838
23347,880
23392,869
23392,881
23392,860
23392,833
23392,842
23392,814
23392,809
23392,810
23392,793
23435,848
23435,848
23435,881
23435,846
23435,834
23435,818
23435,848
23435,829
23478,789
23479,782
23479,838
23479,854
23479,896
23479,875
23479,835
23479,848
23525,850
23525,880
23525,858
23525,823
23525,831
23525,839
23525,816
23525,806
23525,791
23569,800
23569,788
23569,786
23569,758
23569,762
23569,754
23569,737
23569,754
23569,754
23619,778
23619,766
23619,750
23619,750
23619,755
23619,729
23619,699
23619,683
23665,661
23665,658
23665,647
23665,652
23665,626
23665,610
23665,619
23665,624
23665,611
23665,612
23713,603
23713,607
23713,602
23713,597
23713,589
23713,613
23713,614
23713,605
23713,591
23756,575
23757,574
23757,576
23757,576
23757,567
23757,554
23757,556
23757,551
23757,543
23805,550
23805,531
23805,538
23805,526
23805,525
23805,510
23805,527
23805,528
23805,528
23848,523
23848,502
23848,507
23849,511
23849,501
23849,507
23849,496
23849,485
23892,479
23892,475
23892,495
23892,494
23892,485
23892,496
23892,480
23892,465
23892,453
23935,441
23935,446
23935,439
23935,432
23935,425
23935,415
23935,416
23935,414
23977,407
23977,413
23977,410
23977,413
23977,409
23977,402
23977,401
23978,427
24031,432
24031,431
24031,430
24031,427
24031,420
24031,416
24031,411
24031,410
24031,403
24074,401
24074,400
24074,399
24074,395
24074,393
24074,386
24074,379
24075,377
24075,384
24075,378
24122,381
24122,380
24122,375
24122,379
24122,370
24122,374
24122,375
24122,375
24170,375
24171,384
24171,382
24171,386
24171,375
24171,370
24171,372
24171,368
24171,363
24217,368
24217,401
24217,429
24217,421
24217,441
24217,437
24217,427
24217,416
24217,412
24217,402
24264,404
24264,407
24264,387
24264,385
24264,375
24264,379
24264,375
24264,374
24264,368
24313,374
24314,400
24314,409
24314,406
24314,401
24314,400
24314,401
24314,415
24314,412
24357,409
24357,432
24357,428
24357,417
24357,413
24357,405
24357,401
24357,395
24357,397
24401,401
24402,423
24402,418
24402,411
24402,414
24402,405
24402,399
24402,400
24402,394
24446,396
24446,403
24446,412
24446,415
24446,427
24446,422
24446,414
24446,409
24492,407
24492,426
24492,419
24492,417
24492,413
24492,417
24492,418
24492,418
24492,414
24543,432
24543,451
24543,462
24543,475
24543,471
24544,477
24544,507
24544,511
24586,543
24586,551
24586,551
24586,539
24586,525
24586,502
24586,502
24586,496
24586,496
24587,524
24630,526
24630,507
24630,496
24630,495
24630,477
24631,496
24631,527
24631,511
24631,523
24674,554
24674,574
24674,573
24674,628
24674,623
24674,649
24674,663
24676,647
24721,641
24721,636
24721,628
24721,612
24721,593
24721,576
24722,577
24722,618
24765,614
24765,631
24765,608
24765,613
24765,610
24765,605
24765,605
24765,590
24765,575
24809,559
24809,547
24809,543
24809,533
24809,528
24809,501
24809,491
24809,477
24809,466
24856,454
24856,442
24856,432
24856,426
24856,432
24856,447
24856,473
24856,464
24856,454
24899,457
24899,460
24899,461
24899,446
24899,442
24899,432
24899,421
24899,413
24947,402
24947,401
24947,400
24948,390
24948,386
24948,384
24948,382
24948,377
24948,380
24998,391
24998,389
24998,387
24998,385
24998,385
24998,384
24998,385
24998,384
24998,383
25045,384
25045,391
25045,404
25045,410
25045,400
25045,401
25045,400
25045,398
25045,395
25045,395
25093,397
25093,397
25093,398
25093,394
25093,391
25094,389
25094,379
25094,376
25094,374
25136,400
25136,419
25136,413
25136,408
25136,402
25137,394
25137,395
25137,391
25137,384
25180,382
25180,374
25180,368
25181,368
25181,360
25181,362
25181,368
25181,361
25224,357
25225,356
25225,352
25225,353
25225,348
25225,351
25225,349
25225,345
25225,342
25267,344
25267,352
25267,353
25267,342
25267,351
25267,351
25267,349
25267,343
25315,345
25315,341
25315,337
25315,336
25315,338
25315,336
25315,334
25315,332
25358,326
25358,345
25358,341
25358,343
25358,345
25358,338
25358,336
25358,332
25358,337
25406,337
25406,337
25406,341
25406,349
25406,347
25406,341
25406,342
25406,339
25406,339
25449,337
25449,336
25449,335
25449,337
25449,336
25449,334
25449,336
25450,333
25450,327
25493,331
25493,331
25493,325
25493,325
25494,329
25494,326
25494,325
25494,332
25541,329
25541,333
25541,330
25541,332
25541,333
25541,327
25541,326
25541,330
25541,336
25585,334
25585,343
25585,352
25585,355
25585,351
25585,345
25585,346
25585,343
25585,339
25629,347
25629,353
25629,353
25629,352
25629,349
25629,349
25629,350
25629,347
25675,341
25675,342
25675,344
25675,338
25675,337
25675,336
25675,346
25675,347
25675,351
25719,358
25719,359
25719,361
25720,357
25720,354
25720,349
25720,343
25720,342
25720,336
25779,337
25780,332
25780,336
25780,335
25780,336
25780,335
25780,333
25780,336
25780,330
25825,339
25825,347
25825,348
25825,353
25825,350
25825,350
25825,347
25825,347
25825,344
25825,345
25825,347
25870,350
25870,353
25870,350
25870,353
25870,352
25870,362
25870,358
25870,355
25870,352
25916,351
25916,346
25916,342
25916,338
25916,336
25916,337
25916,336
25916,331
25960,332
25960,345
25960,343
25960,342
25960,338
25960,338
25960,343
25960,347
25960,349
26004,348
26005,341
26005,341
26005,349
26005,351
26005,349
26005,357
26005,363
26049,359
26049,361
